IDs,mag3_6,mag4_4,mag5_8,mag8_0,mag24
SSTISAGEMA J001849.02-732129.8  ,13.5684061496357,10.6762569753043,11.6059914200093,10.6762569753043,7.76564983255228
SSTISAGEMA J001956.85-732217.4  ,14.1474275734761,10.7279684999844,13.1329069976488,10.7279684999844,6.45884035829674
SSTISAGEMA J002023.87-732021.3  ,12.3333510871844,9.11423309420566,11.6832700095756,9.11423309420566,6.02132799557665
SSTISAGEMA J002048.76-732808.6  ,17.2397087827076,12.2304735206726,14.1700022444592,12.2304735206726,9.52691351012032
SSTISAGEMA J002430.71-740138.2  ,16.4825814698459,12.6072128240644,13.858754868598,12.6072128240644,8.59759653374713
SSTISAGEMA J002432.91-740150.1  ,15.703086012014,11.8379481297898,13.2227758610126,11.8379481297898,9.57606841881802
SSTISAGEMA J002519.76-730824.5  ,16.4164919062364,12.5668598460585,14.2809824194671,12.5668598460585,9.134472821874
SSTISAGEMA J002602.56-724717.9  ,13.6747869520269,10.6451449564285,11.7761245504261,10.6451449564285,7.23467948982792
SSTISAGEMA J002630.45-730048.2  ,13.498334286706,11.0098518091315,11.8307955339526,11.0098518091315,7.67289056535936
SSTISAGEMA J002704.15-720353.8  ,12.6928322177287,9.84164332543177,12.1619954335876,9.84164332543177,99.999
SSTISAGEMA J002726.22-723155.1  ,12.8377131663584,10.4065566636904,12.3668862599415,10.4065566636904,6.98270931267798
SSTISAGEMA J002800.81-731444.3  ,16.957426836634,13.2787922782567,14.6689330825966,13.2787922782567,11.7766256213647
SSTISAGEMA J002806.82-731450.1  ,18.3282011007134,13.9739431961151,15.2942455940033,13.9739431961151,10.0895748181957
SSTISAGEMA J002810.43-725844.5  ,12.2488712046393,8.00169964600911,9.78642451168843,8.00169964600911,1.44555373365704
SSTISAGEMA J002839.92-742020.0  ,13.1811512003647,9.03484157735723,11.9211044013614,9.03484157735723,5.69011178653185
SSTISAGEMA J002957.37-740406.8  ,14.2567413963193,10.5070879722334,12.9454332397121,10.5070879722334,7.29851440562232
SSTISAGEMA J003138.16-734748.0  ,15.4359847620214,11.8471884852523,13.2910121290849,11.8471884852523,99.999
SSTISAGEMA J003140.15-734753.5  ,12.6890993888407,9.3471884631275,10.8554903747562,9.3471884631275,3.94497974311791
SSTISAGEMA J003156.90-733113.5  ,12.684508535406,9.63688307101529,10.6482353389268,9.63688307101529,6.2249674677196
SSTISAGEMA J003207.02-734737.4  ,17.3585043506345,12.6471830276551,14.3461963979475,12.6471830276551,8.52521952353406
SSTISAGEMA J003214.95-721332.5  ,14.6465053486824,10.5206768250608,13.4668895977176,10.5206768250608,7.66668484873415
SSTISAGEMA J003323.95-741358.3  ,15.6596507912627,10.7598147408537,12.3006775968059,10.7598147408537,6.65516725717084
SSTISAGEMA J003331.66-714216.6  ,13.4602344061783,10.9392436702208,11.8056033336245,10.9392436702208,99.999
SSTISAGEMA J003418.15-733409.3  ,13.498334286706,10.591295741738,11.7521559131206,10.591295741738,6.37551780613088
SSTISAGEMA J003426.86-734029.7  ,18.0516626358675,14.167955410989,15.0094824719752,14.167955410989,9.93268014759788
SSTISAGEMA J003521.44-732658.6  ,16.0998789389019,12.7466008970743,14.2809824194671,12.7466008970743,9.75433351885235
SSTISAGEMA J003525.14-732430.6  ,16.4023360554185,12.1200329154849,13.9957496373783,12.1200329154849,9.23836456838321
SSTISAGEMA J003541.30-730925.5  ,13.4054797458555,10.5070879722334,11.4845755252613,10.5070879722334,6.72788875149617
SSTISAGEMA J003542.83-732124.3  ,15.1890993339975,11.5418238877686,12.9131882173426,11.5418238877686,6.05606192858351
SSTISAGEMA J003543.51-732110.7  ,10.8878251684996,7.46059898653534,8.30281370958208,7.46059898653534,3.34066872486871
SSTISAGEMA J003549.30-740737.9  ,12.852639268523,10.7279684999844,11.5693213584148,10.7279684999844,8.76117794492684
SSTISAGEMA J003616.99-732725.9  ,13.9615858964022,10.6512964469809,11.9100816147712,10.6512964469809,5.98166202595425
SSTM1SAGE1 J003617.19-735958.8  ,13.2065629739812,9.46712354188391,11.969442952067,9.46712354188391,6.02953598396955
SSTISAGEMA J003625.23-733242.5  ,13.744250692666,10.5568250631424,11.5854664164482,10.5568250631424,6.52042080492607
SSTISAGEMA J003625.97-732555.5  ,12.7123494251681,9.85045854425351,10.7658737944197,9.85045854425351,5.62025472534245
SSTISAGEMA J003640.74-721907.3  ,13.5892863163994,10.1147135704928,12.6637538472876,10.1147135704928,6.63174309546704
SSTISAGEMA J003643.96-723722.1  ,13.3704529934278,9.52856515513513,11.4374410549828,9.52856515513513,6.13723343183341
SSTISAGEMA J003654.19-735255.4  ,16.8739543209852,13.2346090829482,14.3461963979475,13.2346090829482,9.91837995599331
SSTISAGEMA J003655.28-744428.8  ,12.7217906602405,10.0614715496292,11.096209528641,10.0614715496292,6.04290616383456
SSTISAGEMA J003659.02-713810.8  ,12.7217906602405,10.1298724228869,11.0357353273984,10.1298724228869,6.83584774344348
SSTISAGEMA J003707.96-725907.1  ,14.9653843844982,10.008025059594,12.8832161611438,10.008025059594,6.84742457853739
SSTM1SAGE1 J003712.15-723513.7  ,13.441122400791,10.5549413382047,12.8499919903906,10.5549413382047,8.15920352764075
SSTISAGEMA J003717.78-730020.7  ,13.9932335090195,10.4139677951647,11.8618187722566,10.4139677951647,4.67113702050803
SSTISAGEMA J003723.09-720609.2  ,15.4771829451549,11.8017534976446,13.0452215330993,11.8017534976446,8.168285743242
SSTISAGEMA J003724.31-730832.9  ,16.90032981395,12.8560481317671,14.5566293872029,12.8560481317671,10.2302111177356
SSTISAGEMA J003733.06-725245.0  ,10.5842697531393,7.29160059543436,8.16552449753227,7.29160059543436,4.93025997398732
SSTISAGEMA J003747.39-744744.9  ,15.2752381401159,11.8946080384952,13.3828191809419,11.8946080384952,99.999
SSTISAGEMA J003759.48-733545.2  ,16.6796264062137,13.1857671819175,14.3565862410758,13.1857671819175,9.37274096218543
SSTISAGEMA J003859.49-744527.9  ,17.7076593995844,13.3212368642485,14.2907639125717,13.3212368642485,10.7880244584001
SSTISAGEMA J003910.76-713409.9  ,12.3929751468195,9.87583086519523,10.8047932008941,9.87583086519523,6.77818446163248
SSTISAGEMA J003929.32-742122.6  ,16.2564776240926,12.7466008970743,14.0455451389734,12.7466008970743,9.43301436508476
SSTISAGEMA J003937.24-730221.1  ,16.612736495389,12.796603532586,14.2148737200214,12.796603532586,9.15238513589549
SSTISAGEMA J003939.21-725833.4  ,14.3189149403752,10.6605895294283,12.6825739120235,10.6605895294283,7.68594924385166
SSTISAGEMA J003953.94-725124.5  ,11.7393382993036,10.4804100898687,11.6184952266614,10.4804100898687,8.10267796580905
SSTISAGEMA J003957.29-712739.1  ,14.3717850612369,10.6359825798153,13.3328915000017,10.6359825798153,7.5092896188348
SSTISAGEMA J004020.62-740315.5  ,14.5453096956027,11.2870129002705,13.404319590044,11.2870129002705,8.04706621439701
SSTISAGEMA J004049.79-744618.8  ,11.7883862158605,10.7180831341231,11.5773638777827,10.7180831341231,8.76069348524385
SSTISAGEMA J004054.22-730614.7  ,14.8619026208857,11.7840988785372,13.064104322363,11.7840988785372,7.53733112684962
SSTISAGEMA J004102.30-731222.0  ,13.862298059086,10.4189368433736,11.6018551824153,10.4189368433736,6.63995285212235
SSTISAGEMA J004109.17-730647.1  ,12.2216127511843,9.26672670412812,10.2085790960018,9.26672670412812,7.00843655741158
SSTISAGEMA J004113.41-724101.3  ,17.3894783990547,11.7080239623417,13.2871066491994,11.7080239623417,7.91090644506664
SSTISAGEMA J004114.10-741130.2  ,12.6618408988235,8.34678478785031,10.6707654105396,8.34678478785031,4.96846654125585
SSTISAGEMA J004124.35-730127.4  ,11.478048135688,8.24464681961088,9.34103844301063,8.24464681961088,3.98472050711983
SSTISAGEMA J004138.38-734822.4  ,16.7072079669896,11.9240868216935,14.0773639258979,11.9240868216935,8.07760942329817
SSTISAGEMA J004144.15-725828.4  ,15.3236141997295,12.4095711129523,13.8787382485737,12.4095711129523,10.1854094780108
SSTISAGEMA J004158.84-723230.5  ,13.6455322274453,10.4910027123711,11.526121855788,10.4910027123711,7.08741582388172
SSTISAGEMA J004208.82-733108.5  ,13.4416743780006,9.81991337642218,11.163004030552,9.81991337642218,3.53855605570671
SSTISAGEMA J004209.84-740205.2  ,12.1719203700861,10.8843572824887,11.469853467132,10.8843572824887,8.2393120615432
SSTISAGEMA J004211.12-723855.1  ,14.1687870511659,10.6030335334135,12.9964161746472,10.6030335334135,7.04870817213541
SSTISAGEMA J004215.25-725953.1  ,11.9122310878517,9.02101036930022,10.1971980656821,9.02101036930022,4.48648246963028
SSTISAGEMA J004221.20-734401.5  ,13.3494595538087,9.99375384531156,11.4553283653394,9.99375384531156,5.8585767933866
SSTISAGEMA J004240.17-741151.0  ,15.923426257153,11.2610336853292,13.5731351704885,11.2610336853292,8.87767311237549
SSTISAGEMA J004248.87-720751.8  ,17.731314678508,13.4554489975107,14.7187789011877,13.4554489975107,9.52495372214148
SSTISAGEMA J004250.74-731031.8  ,15.161840938936,11.3322584793877,12.8791924794003,11.3322584793877,6.08039773068083
SSTISAGEMA J004253.05-732240.6  ,16.3515080634917,12.8822117330449,14.2057498820896,12.8822117330449,9.85925532292576
SSTISAGEMA J004301.67-732051.1  ,15.0510423358869,11.1323820065062,12.630244191782,11.1323820065062,8.09924918059339
SSTISAGEMA J004302.06-732016.5  ,14.9728981753444,11.8287856441048,13.0946904525926,11.8287856441048,8.5381614449885
SSTISAGEMA J004303.16-711710.8  ,13.9962961971983,11.1765037269989,12.1212755930503,11.1765037269989,8.33149806912211
SSTISAGEMA J004307.12-723402.0  ,17.484267197415,12.54900195657,14.1525603528724,12.54900195657,9.03965984322188
SSTM1SAGE1 J004312.88-725958.6  ,12.6019251514206,8.49115469002085,10.116966820736,8.49115469002085,3.31627644125643
SSTISAGEMA J004314.89-730042.7  ,13.2254730746225,9.04885132459645,11.1250942134621,9.04885132459645,3.11650248168678
SSTISAGEMA J004320.39-725801.7  ,15.3210135999044,11.2172874291037,12.816761656952,11.2172874291037,7.24206794358973
SSTISAGEMA J004324.85-730008.5  ,16.71843980188,12.6766618108535,14.1788293688413,12.6766618108535,9.82567997503804
SSTISAGEMA J004334.71-730219.2  ,13.4509147334631,10.3894580601752,11.5299788232303,10.3894580601752,99.999
SSTM1SAGE2 J004349.09-742533.0  ,13.3715737675116,10.1511353171412,12.5990940199086,10.1511353171412,7.60209661507987
SSTISAGEMA J004350.04-711514.6  ,14.3981072166052,10.6857671249836,13.2949318250496,10.6857671249836,7.72087867275789
SSTISAGEMA J004353.88-725514.7  ,12.868804358844,9.7424267205247,11.3103484763952,9.7424267205247,6.48591166509464
SSTM1SAGE1 J004358.82-742334.4  ,15.9010391262526,12.2826997254907,13.7438564950676,12.2826997254907,8.26726155892413
SSTISAGEMA J004404.48-731532.1  ,13.199104900198,11.1815186787725,12.5190484967571,11.1815186787725,7.12218763151521
SSTM1SAGE1 J004412.57-723648.7  ,13.4967843464475,10.4183045447463,12.7583364582365,10.4183045447463,8.1239660590638
SSTISAGEMA J004416.34-730037.7  ,14.9996135933805,10.9352298573239,12.4812799863432,10.9352298573239,6.83338298286782
SSTISAGEMA J004418.05-733301.6  ,15.9416743231575,11.5073531269746,13.3369655094417,11.5073531269746,8.37712537891638
SSTISAGEMA J004418.45-731510.9  ,14.7736891451628,10.9513749153573,12.4358449987356,10.9513749153573,6.90548093402283
SSTISAGEMA J004419.08-731514.0  ,14.5606740985769,11.2224948022108,12.3020468886325,11.2224948022108,7.33580033889624
SSTISAGEMA J004419.19-733257.3  ,15.9602344061783,12.2056630838275,13.8854819868088,12.2056630838275,8.35757415332245
SSTISAGEMA J004423.75-731537.9  ,14.7958801452577,10.571055085801,11.9897000236643,10.571055085801,6.56885150402577
SSTISAGEMA J004432.01-744029.4  ,12.4766746494626,8.59926333277959,10.8107533831902,8.59926333277959,5.92617702851858
SSTISAGEMA J004435.26-731118.3  ,15.1909411327163,11.4351627995919,12.8953776189052,11.4351627995919,8.23363466120363
SSTISAGEMA J004437.70-731544.5  ,16.0378199311236,11.8287856441048,13.404319590044,11.8287856441048,8.42795780690984
SSTISAGEMA J004437.94-730641.1  ,14.8756029717477,11.3977199455885,12.8307549830631,11.3977199455885,8.51474426490017
SSTISAGEMA J004448.23-730344.7  ,17.1381641675759,12.4620530503324,14.6346799212553,12.4620530503324,10.1330874081799
SSTISAGEMA J004451.19-715556.9  ,11.871784983734,9.28409892028876,10.4159544230415,9.28409892028876,6.89067322472598
SSTISAGEMA J004451.91-725733.8  ,11.7203230963026,8.26534748351991,9.65992282592216,8.26534748351991,2.77576781950766
SSTISAGEMA J004452.43-723209.1  ,13.2638423585425,10.6482163451233,11.5693213584148,10.6482163451233,7.28723716349531
SSTISAGEMA J004452.69-731734.0  ,13.5178976115757,10.0543285292406,11.1411794733243,10.0543285292406,6.06370942871346
SSTISAGEMA J004456.37-731431.3  ,15.2123493691379,11.6918186593808,13.3369655094417,11.6918186593808,7.92315210060571
SSTISAGEMA J004456.38-731011.3  ,9.60892526164341,6.3031973810266,7.20718212721962,6.3031973810266,1.15554017262047
SSTISAGEMA J004500.63-731253.3  ,16.348827186622,12.9065565903175,14.2103021832269,12.9065565903175,9.75143502299122
SSTM1SAGE1 J004502.80-731638.3  ,12.0551691437034,8.27389834135494,9.8508615410687,8.27389834135494,2.39219691178548
SSTISAGEMA J004503.53-731628.0  ,11.5242566061544,8.28226658819728,9.13114467142568,8.28226658819728,3.97052762062974
SSTISAGEMA J004510.87-732310.4  ,15.0230475898956,10.9886038669917,12.5782851034475,10.9886038669917,7.83585073121433
SSTISAGEMA J004513.61-732254.2  ,16.549729590727,12.3314485368817,13.8103484575828,12.3314485368817,9.18124592468325
SSTISAGEMA J004517.63-732253.5  ,14.2146829458386,9.23428637551624,12.0441494791683,9.23428637551624,4.39590775452339
SSTM1SAGE1 J004518.61-731524.6  ,11.4850677166941,11.3706027111586,11.4780128242195,11.3706027111586,7.45146946896452
SSTISAGEMA J004521.30-731218.6  ,12.9953293596829,10.3631213498562,11.4882874438948,10.3631213498562,5.6501966626001
SSTISAGEMA J004521.56-731042.5  ,16.2851331830226,12.748727679851,14.2712883343678,12.748727679851,9.49026883907987
SSTISAGEMA J004522.94-730423.8  ,15.9509147058072,11.8588355926552,13.9163580934366,11.8588355926552,8.14156505013445
SSTISAGEMA J004523.99-730343.6  ,16.6491915285756,12.8282072297705,14.3937544302878,12.8282072297705,9.5641275662592
SSTISAGEMA J004524.08-731112.1  ,16.0479198959284,12.430012821272,14.0534128427757,12.430012821272,9.69046211803427
SSTISAGEMA J004524.46-731238.8  ,13.9366253159673,9.50006837322713,12.2483245595918,9.50006837322713,6.89935919382381
SSTISAGEMA J004525.75-732252.9  ,12.5156111697563,9.79299876462375,11.3040543419317,9.79299876462375,4.45170654102415
SSTISAGEMA J004526.02-732402.3  ,15.914415928096,12.3728149142986,13.8009209049549,12.3728149142986,7.55345860380364
SSTISAGEMA J004529.85-732136.7  ,14.3460859110036,11.1865569018441,12.4905996590584,11.1865569018441,5.29370453325508
SSTM1SAGE1 J004530.17-731241.1  ,12.802318000037,8.77804509609464,10.3424224586175,8.77804509609464,4.30407893395973
SSTISAGEMA J004530.81-730455.6  ,12.8777440989563,10.2276447805307,11.6744068162892,10.2276447805307,4.18267358590771
SSTISAGEMA J004534.61-731834.5  ,14.4365243448375,10.4466807746673,12.2408624330548,10.4466807746673,4.66432566743986
SSTISAGEMA J004536.02-731035.3  ,15.2265422299351,11.4415307658933,13.0688768302249,11.4415307658933,7.61321491508067
SSTISAGEMA J004536.96-725130.4  ,16.9527469400323,13.3843572141279,14.4434915196876,13.3843572141279,10.2180944956997
SSTISAGEMA J004538.39-730438.6  ,13.9571391580094,10.0022031486546,11.4735153092443,10.0022031486546,4.38034104471261
SSTISAGEMA J004543.00-731726.1  ,14.3914665610957,10.6178865029734,12.1014744026154,10.6178865029734,6.05046123785171
SSTISAGEMA J004544.56-732734.7  ,15.5325581938626,11.6142330585009,13.2697035521837,11.6142330585009,8.50436907956107
SSTISAGEMA J004547.53-732142.1  ,12.3152687891136,9.30175354008063,10.3698613011996,9.30175354008063,5.20281641542605
SSTISAGEMA J004551.24-732152.0  ,15.703086012014,11.9855600681886,13.2774038571006,11.9855600681886,7.6656245229675
SSTISAGEMA J004555.06-732409.9  ,13.5787960395816,10.5289125294611,12.6670523119558,10.5289125294611,7.55648939193229
SSTISAGEMA J004557.58-735959.9  ,16.9411347403413,12.1763687154329,13.7977965222593,12.1763687154329,8.43081309377986
SSTISAGEMA J004605.64-732259.1  ,14.5201757395843,10.5825749304738,12.1346799011575,10.5825749304738,5.56223043186962
SSTISAGEMA J004605.96-731541.5  ,16.6634076322566,12.7423596627928,14.3006343297408,12.7423596627928,9.40732422517636
SSTISAGEMA J004608.39-733219.1  ,18.0452569855535,13.4232767362003,14.6971356659341,13.4232767362003,8.47308205228783
SSTISAGEMA J004610.27-732147.3  ,14.865311586302,11.1715118325336,12.3585664091693,11.1715118325336,7.50075842869276
SSTISAGEMA J004610.61-704717.7  ,18.5378199311236,12.9090214144608,14.8099432264512,12.9090214144608,8.69128775574312
SSTISAGEMA J004614.75-723519.3  ,14.4739672407752,10.7892488986087,12.4181903796281,10.7892488986087,6.48412538378841
SSTISAGEMA J004616.46-730615.3  ,15.5446185639725,11.7841391649454,13.9625666482537,11.7841391649454,8.78994667332868
SSTISAGEMA J004618.77-731241.5  ,15.7795779735711,11.8106896397726,13.109484972455,11.8106896397726,7.84061321747911
SSTISAGEMA J004622.32-713627.5  ,13.0325582126751,10.6329455563217,11.4094204444277,10.6329455563217,7.85187744612163
SSTISAGEMA J004623.09-730840.8  ,15.923426257153,11.8471884852523,13.2793374680463,11.8471884852523,8.42546555451931
SSTISAGEMA J004624.17-735242.6  ,13.7676007504243,10.1317822933288,11.9548606121262,10.1317822933288,5.82369871172522
SSTISAGEMA J004624.48-732206.9  ,12.4842672343139,8.74357770153107,9.75583839940809,8.74357770153107,3.92620572115834
SSTISAGEMA J004624.66-732618.5  ,15.1573636608124,11.3556085225734,12.9341086168102,11.3556085225734,7.91378844444425
SSTISAGEMA J004625.94-731017.3  ,13.8718280515098,10.2213988736653,11.4920120963954,10.2213988736653,6.48472048441284
SSTISAGEMA J004626.69-732315.6  ,14.1093276317257,10.1826548681639,11.5222785413437,10.1826548681639,6.50940420247708
SSTISAGEMA J004626.81-730605.1  ,14.250909275866,10.0543285292406,11.8006342854155,10.0543285292406,3.7263741978682
SSTISAGEMA J004628.36-732316.9  ,14.7427543341663,10.5971487756332,12.1014744026154,10.5971487756332,7.20157913660289
SSTISAGEMA J004629.31-731552.8  ,12.4957566029079,10.2745797387354,11.1197849843393,10.2745797387354,7.20700695473064
SSTISAGEMA J004633.51-732206.2  ,15.2752381401159,11.3855205454817,12.8579807982057,11.3855205454817,7.64065594874113
SSTISAGEMA J004634.30-730553.9  ,14.120102155768,11.0403153151982,12.5581783227844,11.0403153151982,6.29320518480294
SSTISAGEMA J004634.99-733220.7  ,16.5039910674897,12.7551331391701,14.1788293688413,12.7551331391701,8.7005949528268
SSTISAGEMA J004635.37-731529.2  ,16.343485309479,12.3653115316413,14.0854664891616,12.3653115316413,99.999
SSTISAGEMA J004635.43-733037.9  ,14.7336432344898,10.7213682657868,12.2408624330548,10.7213682657868,5.99978950377956
SSTISAGEMA J004636.54-732216.5  ,16.1657012559674,11.7774107298095,14.3991695955453,11.7774107298095,8.83899679554336
SSTISAGEMA J004636.97-730551.7  ,14.629337008215,11.9441936023566,13.1413959785956,11.9441936023566,6.40330720446189
SSTISAGEMA J004637.60-731529.0  ,14.7397088280262,10.9193213652174,12.5482628644558,10.9193213652174,6.82847010652925
SSTISAGEMA J004637.81-731657.2  ,14.0120519352237,11.7840988785372,13.0930590139659,11.7840988785372,8.11036610841706
SSTISAGEMA J004638.51-730606.8  ,14.8283896157179,9.85851545590745,12.5000000225095,9.85851545590745,99.999
SSTISAGEMA J004641.37-730613.5  ,9.88947836211931,6.98556003803017,8.01294675792658,6.98556003803017,3.25439620388729
SSTISAGEMA J004641.84-733102.6  ,13.3282011562892,9.21621828746694,10.8147450612358,9.21621828746694,3.67148114826052
SSTISAGEMA J004643.61-740020.7  ,15.8199445258725,11.9646799014249,13.446381895957,11.9646799014249,8.19470258512338
SSTISAGEMA J004643.89-732734.0  ,15.3473039497419,11.1815186787725,12.7028736684653,11.1815186787725,7.45315289374542
SSTISAGEMA J004644.07-735944.7  ,13.1596507912627,9.91112999481589,11.2080151095087,9.91112999481589,5.6170376531953
SSTISAGEMA J004644.71-731530.4  ,14.903533369681,11.6217468264117,12.6736793905214,11.6217468264117,7.22216298606005
SSTISAGEMA J004646.47-732755.3  ,12.684508535406,9.45438839755801,10.4626447252837,9.45438839755801,5.02686655336213
SSTISAGEMA J004648.61-731409.4  ,17.129886558968,13.2615853380912,14.5949534509161,13.2615853380912,10.242464553148
SSTISAGEMA J004649.63-733132.8  ,16.9228095892795,11.6917205646059,14.335904961383,11.6917205646059,8.33228109780896
SSTISAGEMA J004651.27-732253.5  ,15.4771829451549,11.8565081579675,13.048345915795,11.8565081579675,7.99799617623225
SSTISAGEMA J004651.48-740047.7  ,16.7984674070954,13.3321124109368,14.5884714112073,13.3321124109368,9.88064386992733
SSTM1SAGE1 J004651.80-731525.5  ,13.0374931162176,8.68124581419918,10.2615522860283,8.68124581419918,5.56631023064386
SSTISAGEMA J004651.99-730858.7  ,15.290283180155,11.1566723968393,12.509482486167,11.1566723968393,7.75485785881641
SSTISAGEMA J004653.02-732327.2  ,13.2716816357524,9.3471884631275,10.7338549533784,9.3471884631275,5.05521218323053
SSTISAGEMA J004653.26-732953.5  ,16.0581146976629,11.9646799014249,13.5163032341358,11.9646799014249,8.64940359118095
SSTISAGEMA J004654.16-732148.3  ,14.2184397738406,10.4647124399438,11.9491612017387,10.4647124399438,5.87814627844245
SSTISAGEMA J004655.71-730956.3  ,15.4131262668075,11.6067709319638,12.9327013292554,11.6067709319638,6.47700961540326
SSTISAGEMA J004655.72-733158.5  ,13.488683243877,9.73842772321117,11.0858936775507,9.73842772321117,5.05744817105345
SSTISAGEMA J004656.60-731725.1  ,16.2527950159687,11.4919170090802,13.8009209049549,11.4919170090802,8.79363442634619
SSTISAGEMA J004657.48-731143.6  ,14.8087673033668,11.3497237647931,13.1603087901877,11.3497237647931,5.57941782577464
SSTISAGEMA J004657.91-725839.8  ,14.8742251255217,12.3416433603185,13.7489911638071,12.3416433603185,9.56687147518459
SSTISAGEMA J004657.92-732537.7  ,15.5388890478028,11.3322584793877,12.7154653476292,11.3322584793877,8.03359725114121
SSTISAGEMA J004658.18-733158.5  ,16.4207748608588,12.0296623461967,13.6040112519159,12.0296623461967,6.25081108607654
SSTISAGEMA J004700.85-732622.6  ,16.6905750808687,13.1512964469809,14.6414446685123,13.1512964469809,10.2921157538745
SSTISAGEMA J004701.92-732750.9  ,16.4424470051381,11.7389188065964,14.2712883343678,11.7389188065964,10.0544147851105
SSTISAGEMA J004702.88-730800.1  ,14.0132973611631,10.3077852900644,11.8883661875193,10.3077852900644,5.89254072217632
SSTISAGEMA J004704.71-732735.5  ,12.8367113272395,9.66387454664019,10.5768778242688,9.66387454664019,6.31888521980381
SSTISAGEMA J004706.19-730759.7  ,11.8127401757454,8.84972377878556,10.2051521777159,8.84972377878556,5.16333080225309
SSTISAGEMA J004707.52-730259.7  ,13.387825126748,10.5540013029164,11.6439433102224,10.5540013029164,5.46538621560067
SSTISAGEMA J004709.27-730249.1  ,16.4322795456495,12.4221050284931,14.0070398572451,12.4221050284931,9.64381657550511
SSTISAGEMA J004710.10-731018.5  ,16.3939303803177,12.5437013252652,14.1832700228369,12.5437013252652,9.93767991580323
SSTISAGEMA J004711.05-732050.0  ,15.4018749911545,11.5210103529167,13.1637831042767,11.5210103529167,8.28053010662694
SSTM1SAGE1 J004711.65-730633.9  ,12.2637559464051,11.4930495573798,12.0188265136574,11.4930495573798,4.72211017334175
SSTISAGEMA J004713.81-733016.2  ,14.3518154271734,10.8691718372517,12.3922353148003,10.8691718372517,7.3809156385867
SSTISAGEMA J004715.18-723338.8  ,12.4842672343139,11.3322584793877,12.1080347560377,11.3322584793877,9.0259712508995
SSTISAGEMA J004717.06-732505.0  ,14.4273619411869,10.8357619660411,12.2634045470459,10.8357619660411,5.95174192337601
SSTISAGEMA J004718.97-732545.6  ,16.2190138886903,12.5384264462967,14.0299788462606,12.5384264462967,9.33658825492122
SSTISAGEMA J004720.39-733402.0  ,15.666770413054,11.8106896397726,13.2754735686966,11.8106896397726,9.23761289862706
SSTISAGEMA J004721.01-730003.4  ,17.2336432119567,12.5374551866934,14.6971356659341,12.5374551866934,10.0418921035087
SSTISAGEMA J004724.01-730834.4  ,13.5178976115757,10.0578941652355,11.6877288870608,10.0578941652355,5.17841685009376
SSTISAGEMA J004725.48-731916.7  ,14.8350099924767,10.6762569753043,12.1346799011575,10.6762569753043,5.57554624331513
SSTISAGEMA J004726.95-732209.1  ,16.3055232547494,12.2763375731513,13.8358964220473,12.2763375731513,7.45601782906905
SSTISAGEMA J004734.76-731639.2  ,13.0262640782116,10.9193213652174,11.5416326222626,10.9193213652174,6.00858401659554
SSTISAGEMA J004741.28-731714.6  ,16.0278131292758,11.985703406839,13.8720362382614,11.985703406839,99.999
SSTISAGEMA J004743.10-730319.3  ,13.1455501359795,9.76947015500211,10.9262543796813,9.76947015500211,6.09568127155514
SSTISAGEMA J004745.15-731709.9  ,16.1268216409364,11.6632215235743,13.9268484534237,11.6632215235743,99.999
SSTISAGEMA J004745.51-732442.0  ,16.6369034098947,12.1415535323015,14.6346799212553,12.1415535323015,9.49026885716614
SSTISAGEMA J004747.49-731727.8  ,15.3742466517765,12.2653704252457,14.2761245215355,12.2653704252457,5.67475938185907
SSTISAGEMA J004748.64-731716.5  ,16.0581146976629,12.0507237321036,13.6520369154966,12.0507237321036,99.999
SSTISAGEMA J004750.10-730836.8  ,16.5465126575476,12.5296916031857,13.9882874882201,12.5296916031857,12.4939513146915
SSTISAGEMA J004752.07-731641.0  ,13.7281993980216,9.75335736510054,12.4537914426217,9.75335736510054,5.93511023833938
SSTISAGEMA J004752.38-731711.8  ,10.6957250455241,7.09411335445969,8.24880505363853,7.09411335445969,2.99799618172286
SSTISAGEMA J004753.54-731710.1  ,11.9715888070462,8.73298502876461,9.96287723220737,8.73298502876461,3.1089704875034
SSTISAGEMA J004753.81-730329.6  ,14.8687311867434,11.089983488175,12.4537914426217,11.089983488175,7.9879673557561
SSTISAGEMA J004754.08-731744.2  ,13.9800102358621,10.666829403864,12.3421154634327,10.666829403864,99.999
SSTISAGEMA J004757.03-730527.6  ,16.3515080634917,12.5314329382706,14.1226953931659,12.5314329382706,8.706383547621
SSTISAGEMA J004757.28-731748.7  ,14.4342265191448,11.1571176095569,13.7700740809063,11.1571176095569,5.7592676405246
SSTISAGEMA J004758.08-730726.9  ,16.2503469560036,12.0836790588307,13.7022856229662,12.0836790588307,9.33584768461173
SSTISAGEMA J004759.04-730507.1  ,16.7704726301515,12.2047907406753,14.1439433358014,12.2047907406753,9.57197122685642
SSTISAGEMA J004759.21-711542.8  ,13.8828229644625,10.2318287364105,12.8685348388974,10.2318287364105,7.20608121814508
SSTISAGEMA J004759.84-730816.4  ,14.8964832005436,11.1765037269989,12.5482628644558,11.1765037269989,99.999
SSTISAGEMA J004759.86-730821.6  ,14.1832636699877,10.1927174086825,11.84103851662,10.1927174086825,5.68753792970643
SSTISAGEMA J004801.23-731659.4  ,14.4273619411869,10.5344379111106,11.9491612017387,10.5344379111106,6.80984078999446
SSTISAGEMA J004801.37-731328.3  ,13.9512384792237,10.4390436240367,12.8899557737923,10.4390436240367,6.97894918702816
SSTM1SAGE1 J004802.40-731639.8  ,15.2862507471367,14.017689540072,17.1344101961825,14.017689540072,5.35187953734996
SSTISAGEMA J004804.08-730507.6  ,15.471200900087,11.3916031114721,13.5332871616051,11.3916031114721,5.42763952168436
SSTISAGEMA J004804.42-731521.4  ,12.5034842881384,8.86152542073211,10.4440112234188,8.86152542073211,3.6162585837227
SSTISAGEMA J004804.98-731755.5  ,12.7603986450502,9.00058838398829,10.2685538145622,9.00058838398829,3.19614120718251
SSTISAGEMA J004805.04-732543.1  ,10.8199445356778,8.98054350492846,9.72609029840422,8.98054350492846,7.27324186333593
SSTISAGEMA J004805.14-731409.8  ,15.5262641343228,11.6396944369658,12.5884799963318,11.6396944369658,99.999
SSTISAGEMA J004805.77-731743.5  ,11.3315613489196,8.69161868577412,9.74832459529659,8.69161868577412,5.54105941338305
SSTISAGEMA J004807.75-731428.9  ,13.1532122525557,10.1147135704928,11.1657632065025,10.1147135704928,4.73944051788704
SSTISAGEMA J004808.49-731454.7  ,11.2190138178862,7.0176530997931,8.72830987150146,7.0176530997931,0.157041445684632
SSTM1SAGE1 J004809.46-731416.6  ,14.3209810894891,13.5748885566205,15.0305138509516,13.5748885566205,4.97554217891077
SSTISAGEMA J004809.65-731924.9  ,12.9953293596829,9.88645313315217,11.163004030552,9.88645313315217,5.75378883142113
